{
    "flatvel-a": {
        "data_min": -26.95,
        "data_max": 52.77,
	    
        "data_mean": -3.3804e-05,
        "data_std": 1.4797,
        "label_min": 1500,
        "label_max": 4500,
        "label_mean": 2782.0442,
        "label_std": 786.1557,
        "file_size": 500,
        "nbc": 120,
        "dx": 10,
        "nt": 1000,
        "dt": 1e-3,
        "f": 15,
        "n_grid": 70,
        "ns": 5,
        "ng": 70,
        "sz": 10,
        "gz": 10
    },
    "curvevel-a": {
        "data_min": -27.11,
        "data_max": 55.10,
        "data_mean": -5.0961e-05,
        "data_std": 1.4870,
        "label_min": 1500,
        "label_max": 4500,
        "file_size": 500,
        "label_mean": 2788.1562,
        "label_std": 794.2432,
        "nbc": 120,
        "dx": 10,
        "nt": 1000,
        "dt": 1e-3,
        "f": 15,
        "n_grid": 70,
        "ns": 5,
        "ng": 70,
        "sz": 10,
        "gz": 10
    },
    "flatvel-b": {
        "data_min": -27.17,
        "data_max": 56.05,
        "data_mean": -0.0002,
        "data_std": 1.7832,
        "label_min": 1500,
        "label_max": 4500,
        "label_mean": 3001.3389,
        "label_std": 866.6636,
        "file_size": 500,
        "nbc": 120,
        "dx": 10,
        "nt": 1000,
        "dt": 1e-3,
        "f": 15,
        "n_grid": 70,
        "ns": 5,
        "ng": 70,
        "sz": 10,
        "gz": 10
    },
    "curvevel-b": {
        "data_min": -29.04,
        "data_max": 57.03,
        "data_mean": -0.0002,
        "data_std": 1.7648,
        "label_min": 1500,
        "label_max": 4500,
        "label_mean": 3000.5669,
        "label_std": 865.4404,
        "file_size": 500,
        "nbc": 120,
        "dx": 10,
        "nt": 1000,
        "dt": 1e-3,
        "f": 15,
        "n_grid": 70,
        "ns": 5,
        "ng": 70,
        "sz": 10,
        "gz": 10
    },
	"flatfault-a": {
        "data_min": -26.10,
        "data_max": 50.86,
        "data_mean": -0.00043503073,
        "data_std": 1.5410482,
        "label_min": 1500,
        "label_max": 4500,
        "label_mean": 3088.6873,
        "label_std": 855.37024,
        "file_size": 500,
        "nbc": 120,
        "dx": 10,
        "nt": 1000,
        "dt": 1e-3,
        "f": 15,
        "n_grid": 70,
        "ns": 5,
        "ng": 70,
        "sz": 10,
        "gz": 10
    },
    "curvefault-a": {
        "data_min": -26.48,
        "data_max": 52.32,
        "data_mean": -0.00045603843,
        "data_std": 1.5448948,
        "label_min": 1500,
        "label_max": 4500,
        "label_mean": 3082.6616,
        "label_std": 852.38995,
        "file_size": 500,
        "nbc": 120,
        "dx": 10,
        "nt": 1000,
        "dt": 1e-3,
        "f": 15,
        "n_grid": 70,
        "ns": 5,
        "ng": 70,
        "sz": 10,
        "gz": 10
    },
    "flatfault-b": {
        "data_min": -24.86,
        "data_max": 50.28,
        "data_mean": -0.0001,
        "data_std": 1.4952,
        "label_min": 1500,
        "label_max": 4500,
        "file_size": 500,
        "label_mean": 3055.4231,
        "label_std": 875.8992,
        "nbc": 120,
        "dx": 10,
        "nt": 1000,
        "dt": 1e-3,
        "f": 15,
        "n_grid": 70,
        "ns": 5,
        "ng": 70,
        "sz": 10,
        "gz": 10
    },
    "curvefault-b": {
        "data_min": -24.93,
        "data_max": 50.98,
        "data_mean": -8.882544e-05,
        "data_std": 1.50228,
        "label_min": 1500,
        "label_max": 4500,
        "label_mean": 3035.5576,
        "label_std": 890.48785,
        "file_size": 500,
        "nbc": 120,
        "dx": 10,
        "nt": 1000,
        "dt": 1e-3,
        "f": 15,
        "n_grid": 70,
        "ns": 5,
        "ng": 70,
        "sz": 10,
        "gz": 10
    },
    "style-a": {
        "data_min": -24.96,
        "data_max": 48.93,
        "data_mean": 0.00024991733,
        "data_std": 1.4618,
        "label_min": 1500,
        "label_max": 4500,
        "label_mean": 2728.5144,
        "label_std": 665.83215,
        "file_size": 500,
        "nbc": 120,
        "dx": 10,
        "nt": 1000,
        "dt": 1e-3,
        "f": 15,
        "n_grid": 70,
        "ns": 5,
        "ng": 70,
        "sz": 10,
        "gz": 10
    },
    "style-b": {
        "data_min": -23.76,
        "data_max": 46.01,
        "data_mean": 0.00013498258,
        "data_std": 1.4579,
        "label_min": 1500,
        "label_max": 4500,
        "label_mean": 2837.3164,
        "label_std": 637.6763,
        "file_size": 500,
        "nbc": 120,
        "dx": 10,
        "nt": 1000,
        "dt": 1e-3,
        "f": 15,
        "n_grid": 70,
        "ns": 5,
        "ng": 70,
        "sz": 10,
        "gz": 10
    },
    "flatvel-tutorial": {
        "data_min": -26.95,
        "data_max": 52.77,
        "label_min": 1500,
        "label_max": 4500,
        "file_size": 120,
        "nbc": 120,
        "dx": 10,
        "nt": 1000,
        "dt": 1e-3,
        "f": 15,
        "n_grid": 70,
        "ns": 5,
        "ng": 70,
        "sz": 10,
        "gz": 10
    }
}
